strain	length	A	C	G	T	N	other_IUPAC	-	?	invalid_nucleotides
hCoV-19/Brazil/RS-LGBM-HMV-01-0040-F/2022	29227	8503	5190	5578	9079	877	0	0	0	0
hCoV-19/Brazil/RS-LGBM-HMV-01-0024-F/2022	29602	8839	5405	5801	9545	12	0	0	0	0
hCoV-19/Brazil/RS-LGBM-HMV-01-0035-P/2022	29593	8817	5391	5789	9514	82	0	0	0	0
hCoV-19/Brazil/RS-LGBM-HMV-01-0037-F/2022	29602	8826	5388	5790	9516	82	0	0	0	0
hCoV-19/Brazil/RS-LGBM-HMV-01-0036-P/2022	29593	8818	5391	5792	9510	82	0	0	0	0
hCoV-19/Brazil/RS-LGBM-HMV-01-0039-F/2022	29602	8826	5394	5789	9508	85	0	0	0	0
hCoV-19/Brazil/RS-LGBM-HMV-01-0038-F/2022	29349	8754	5340	5749	9424	82	0	0	0	0
hCoV-19/Brazil/RS-LACENRS-431812782/2022	29754	8891	5440	5836	9587	0	0	0	0	0
hCoV-19/Brazil/RS-LACENRS-431812784/2022	29805	8861	5402	5792	9537	213	0	0	0	0
hCoV-19/Brazil/RS-LACENRS-431812785/2022	29818	8687	5271	5652	9358	850	0	0	0	0
hCoV-19/Brazil/RS-LACENRS-431812786/2022	29802	8898	5434	5818	9567	85	0	0	0	0
hCoV-19/Brazil/RS-LACENRS-431812788/2022	29821	8884	5421	5805	9554	157	0	0	0	0
hCoV-19/Brazil/RS-LACENRS-431812789/2022	29823	8917	5452	5838	9590	26	0	0	0	0
hCoV-19/Brazil/RS-LACENRS-431812791/2022	29826	8928	5449	5835	9589	25	0	0	0	0
hCoV-19/Brazil/RS-LACENRS-431812792/2022	29840	8937	5454	5837	9588	24	0	0	0	0
hCoV-19/Brazil/RS-LACENRS-431812793/2022	29840	8935	5452	5837	9594	22	0	0	0	0
hCoV-19/Brazil/RS-LACENRS-431812794/2022	29823	8862	5398	5798	9503	262	0	0	0	0
hCoV-19/Brazil/RS-LACENRS-431812795/2022	29839	8936	5454	5837	9589	23	0	0	0	0
hCoV-19/Brazil/RS-LACENRS-431812796/2022	29826	8860	5398	5798	9505	265	0	0	0	0
hCoV-19/Brazil/RS-LACENRS-431812799/2022	29836	8935	5451	5835	9590	25	0	0	0	0
hCoV-19/Brazil/RS-LACENRS-431812801/2022	29801	8915	5447	5832	9580	27	0	0	0	0
hCoV-19/Brazil/RS-LACENRS-431812802/2022	29805	8854	5391	5795	9500	265	0	0	0	0
hCoV-19/Brazil/RS-LACENRS-431812803/2022	29829	8934	5447	5836	9589	23	0	0	0	0
hCoV-19/Brazil/RS-LACENRS-431812805/2022	29813	8923	5438	5835	9593	24	0	0	0	0
hCoV-19/Brazil/RS-LACENRS-431812807/2022	29813	8892	5415	5801	9549	156	0	0	0	0
hCoV-19/Brazil/RS-LACENRS-431812809/2022	29813	8735	5300	5681	9400	697	0	0	0	0
hCoV-19/Brazil/RS-LACENRS-431812810/2022	29831	8933	5450	5836	9589	23	0	0	0	0
hCoV-19/Brazil/RS-LACENRS-431812811/2022	29791	8916	5444	5829	9578	24	0	0	0	0
hCoV-19/Brazil/RS-LACENRS-431812813/2022	29818	8906	5429	5818	9567	98	0	0	0	0
hCoV-19/Brazil/RS-LACENRS-431812814/2022	29822	8933	5448	5833	9586	22	0	0	0	0
hCoV-19/Brazil/RS-LACENRS-431812815/2022	29827	8937	5449	5832	9586	23	0	0	0	0
hCoV-19/Brazil/RS-LACENRS-431812816/2022	29816	8919	5451	5837	9584	25	0	0	0	0
hCoV-19/Brazil/RS-LACENRS-431812817/2022	29807	8875	5408	5788	9530	206	0	0	0	0
hCoV-19/Brazil/RS-LACENRS-431812819/2022	29786	8861	5398	5787	9527	213	0	0	0	0
hCoV-19/Brazil/RS-LACENRS-431812822/2022	29766	8900	5447	5835	9584	0	0	0	0	0
hCoV-19/Brazil/RS-LACENRS-431812823/2022	29842	8938	5453	5837	9592	22	0	0	0	0
hCoV-19/Brazil/RS-LACENRS-431812824/2022	29812	8864	5395	5785	9526	242	0	0	0	0
hCoV-19/Brazil/RS-LACENRS-431812826/2022	29838	8935	5451	5837	9593	22	0	0	0	0
hCoV-19/Brazil/RS-LACENRS-431812828/2022	29786	8895	5421	5815	9571	84	0	0	0	0
hCoV-19/Brazil/RS-LACENRS-431812829/2022	29829	8928	5453	5835	9590	23	0	0	0	0
hCoV-19/Brazil/RS-LACENRS-431812831/2022	29819	8856	5395	5798	9507	263	0	0	0	0
hCoV-19/Brazil/RS-LACENRS-431812832/2022	29832	8934	5449	5835	9592	22	0	0	0	0
hCoV-19/Brazil/RS-LACENRS-431812833/2022	29826	8928	5452	5833	9591	22	0	0	0	0
hCoV-19/Brazil/RS-LACENRS-431812836/2022	29744	8821	5390	5794	9499	240	0	0	0	0
hCoV-19/Brazil/RS-LACENRS-431812838/2022	29811	8897	5417	5807	9555	134	1	0	0	0
hCoV-19/Brazil/RS-LACENRS-431812839/2022	29835	8936	5449	5835	9594	21	0	0	0	0
hCoV-19/Brazil/RS-LACENRS-431812841/2022	29840	8939	5453	5834	9592	22	0	0	0	0
hCoV-19/Brazil/RS-LACENRS-431812842/2022	29826	8863	5395	5784	9521	263	0	0	0	0
hCoV-19/Brazil/RS-LACENRS-431812843/2022	29810	8924	5448	5831	9583	24	0	0	0	0
hCoV-19/Brazil/RS-LACENRS-431812844/2022	29839	8936	5454	5837	9588	24	0	0	0	0
hCoV-19/Brazil/RS-LACENRS-431812846/2022	29832	8853	5406	5774	9529	270	0	0	0	0
hCoV-19/Brazil/RS-LACENRS-431812848/2022	29829	8926	5452	5839	9589	23	0	0	0	0
hCoV-19/Brazil/RS-LACENRS-431812849/2022	29826	8923	5451	5836	9592	24	0	0	0	0
hCoV-19/Brazil/RS-LACENRS-431812852/2022	29840	8937	5455	5836	9591	21	0	0	0	0
hCoV-19/Brazil/RS-LACENRS-431812853/2022	29782	8905	5450	5835	9592	0	0	0	0	0
hCoV-19/Brazil/RS-LACENRS-431812854/2022	29822	8926	5448	5835	9589	24	0	0	0	0
hCoV-19/Brazil/RS-LACENRS-431812855/2022	29753	8891	5447	5833	9582	0	0	0	0	0
hCoV-19/Brazil/RS-LACENRS-431812856/2022	29835	8930	5452	5837	9594	22	0	0	0	0
hCoV-19/Brazil/RS-LGBM-HMV-01-0104-F/2022	29755	8730	5350	5748	9406	521	0	0	0	0
hCoV-19/Brazil/RS-LGBM-HMV-01-0135-F/2022	29711	8544	5237	5617	9182	1131	0	0	0	0
hCoV-19/Brazil/RS-LGBM-HMV-01-0138-F/2022	29755	8657	5298	5667	9284	849	0	0	0	0
hCoV-19/Brazil/RS-LGBM-HMV-01-0149-F/2022	29755	8784	5371	5773	9469	358	0	0	0	0
hCoV-19/Brazil/RS-LGBM-HMV-01-0153-F/2022	29755	8673	5308	5686	9323	765	0	0	0	0
hCoV-19/Brazil/RS-LGBM-HMV-01-0161-F/2022	29602	8691	5319	5699	9354	539	0	0	0	0
hCoV-19/Brazil/RS-LGBM-HMV-01-0163-F/2022	29755	8732	5354	5740	9402	527	0	0	0	0
hCoV-19/Brazil/RS-LGBM-HMV-01-0171-F/2022	29602	8732	5339	5724	9409	398	0	0	0	0
hCoV-19/Brazil/RS-LGBM-HMV-01-0172-F/2022	29755	8636	5296	5669	9260	894	0	0	0	0
hCoV-19/Brazil/RS-LGBM-HMV-01-0186-F/2022	29608	8425	5158	5571	9070	1384	0	0	0	0
hCoV-19/Brazil/RS-LGBM-HMV-01-0189-F/2022	29743	8833	5389	5785	9514	222	0	0	0	0
hCoV-19/Brazil/RS-LGBM-HMV-01-0191-F/2022	29752	8725	5339	5741	9428	519	0	0	0	0
hCoV-19/Brazil/RS-LGBM-HMV-01-0195-F/2022	29755	8813	5380	5780	9461	321	0	0	0	0
hCoV-19/Brazil/RS-LGBM-HMV-01-0069-F/2022	29602	8825	5395	5792	9508	82	0	0	0	0
hCoV-19/Brazil/RS-LGBM-HMV-01-0097-F/2022	29602	8824	5391	5790	9511	86	0	0	0	0
hCoV-19/Brazil/RS-LGBM-HMV-01-0098-F/2022	29602	8823	5389	5792	9512	86	0	0	0	0
hCoV-19/Brazil/RS-LGBM-HMV-01-0101-F/2022	29602	8826	5395	5791	9508	82	0	0	0	0
hCoV-19/Brazil/RS-LGBM-HMV-01-0106-P/2022	29602	8824	5393	5789	9510	86	0	0	0	0
hCoV-19/Brazil/RS-LGBM-HMV-01-0109-P/2022	29602	8840	5411	5799	9540	12	0	0	0	0
hCoV-19/Brazil/RS-LGBM-HMV-01-0110-P/2022	29602	8835	5406	5797	9535	29	0	0	0	0
hCoV-19/Brazil/RS-LGBM-HMV-01-0112-F/2022	29602	8824	5392	5791	9510	85	0	0	0	0
hCoV-19/Brazil/RS-LGBM-HMV-01-0119-P/2022	29602	8825	5392	5788	9511	86	0	0	0	0
hCoV-19/Brazil/RS-LGBM-HMV-01-0122-F/2022	29754	8862	5415	5812	9548	117	0	0	0	0
hCoV-19/Brazil/RS-LGBM-HMV-01-0126-F/2022	29602	8827	5394	5788	9507	86	0	0	0	0
hCoV-19/Brazil/RS-LGBM-HMV-01-0132-P/2022	29602	8824	5394	5790	9508	86	0	0	0	0
hCoV-19/Brazil/RS-LGBM-HMV-01-0048-P/2022	29602	8826	5394	5791	9509	82	0	0	0	0
hCoV-19/Brazil/RS-LGBM-HMV-01-0057-P/2022	29602	8826	5394	5791	9509	82	0	0	0	0
hCoV-19/Brazil/RS-LGBM-HMV-01-0063-F/2022	29599	8780	5369	5755	9453	242	0	0	0	0
hCoV-19/Brazil/RS-LGBM-HMV-01-0078-F/2022	29602	8826	5395	5791	9508	82	0	0	0	0
hCoV-19/Brazil/RS-LGBM-HMV-01-0082-F/2022	29602	8831	5401	5795	9528	47	0	0	0	0
hCoV-19/Brazil/RS-LGBM-HMV-01-0083-F/2022	29599	8796	5372	5772	9485	174	0	0	0	0
hCoV-19/Brazil/RS-LGBM-HMV-01-0084-F/2022	29602	8735	5348	5726	9402	391	0	0	0	0
hCoV-19/Brazil/RS-LGBM-HMV-01-0086-F/2022	29599	8829	5393	5790	9505	82	0	0	0	0
hCoV-19/Brazil/RS-LGBM-HMV-01-0095-F/2022	29602	8825	5391	5789	9511	86	0	0	0	0
hCoV-19/Brazil/RS-LGBM-HMV-01-0100-F/2022	29602	8826	5392	5788	9510	86	0	0	0	0
hCoV-19/Brazil/RS-LGBM-HMV-01-0102-F/2022	29602	8826	5395	5791	9508	82	0	0	0	0
hCoV-19/Brazil/RS-LGBM-HMV-01-0113-F/2022	29602	8808	5383	5775	9486	150	0	0	0	0
hCoV-19/Brazil/RS-LGBM-HMV-01-0118-P/2022	29602	8809	5383	5773	9487	150	0	0	0	0
hCoV-19/Brazil/RS-LGBM-HMV-01-0125-F/2022	29602	8790	5374	5759	9457	222	0	0	0	0
hCoV-19/Brazil/RS-LGBM-HMV-01-0136-F/2022	29602	8826	5395	5789	9510	82	0	0	0	0
hCoV-19/Brazil/RS-LGBM-HMV-01-0041-F/2022	29602	8839	5409	5799	9540	15	0	0	0	0
hCoV-19/Brazil/RS-LGBM-HMV-01-0043-P/2022	29602	8818	5386	5781	9504	113	0	0	0	0
hCoV-19/Brazil/RS-LGBM-HMV-01-0044-F/2022	29602	8824	5392	5789	9511	86	0	0	0	0
hCoV-19/Brazil/RS-LGBM-HMV-01-0045-F/2022	29602	8826	5394	5791	9509	82	0	0	0	0
hCoV-19/Brazil/RS-LGBM-HMV-01-0049-P/2022	29602	8827	5395	5790	9508	82	0	0	0	0
hCoV-19/Brazil/RS-LGBM-HMV-01-0050-P/2022	29608	8832	5403	5794	9534	45	0	0	0	0
hCoV-19/Brazil/RS-LGBM-HMV-01-0051-F/2022	29602	8827	5392	5790	9511	82	0	0	0	0
hCoV-19/Brazil/RS-LGBM-HMV-01-0053-F/2022	29602	8826	5396	5791	9507	82	0	0	0	0
hCoV-19/Brazil/RS-LGBM-HMV-01-0054-F/2022	29602	8495	5214	5582	9108	1203	0	0	0	0
hCoV-19/Brazil/RS-LGBM-HMV-01-0055-F/2022	29602	8827	5389	5791	9513	82	0	0	0	0
hCoV-19/Brazil/RS-LGBM-HMV-01-0056-P/2022	29602	8827	5395	5790	9508	82	0	0	0	0
hCoV-19/Brazil/RS-LGBM-HMV-01-0058-F/2022	29602	8824	5396	5792	9508	82	0	0	0	0
hCoV-19/Brazil/RS-LGBM-HMV-01-0061-F/2022	29602	8825	5389	5792	9514	82	0	0	0	0
hCoV-19/Brazil/RS-LGBM-HMV-01-0064-F/2022	29602	8827	5393	5791	9509	82	0	0	0	0
hCoV-19/Brazil/RS-LGBM-HMV-01-0065-F/2022	29602	8826	5393	5789	9512	82	0	0	0	0
hCoV-19/Brazil/RS-LGBM-HMV-01-0066-P/2022	29590	8839	5421	5797	9533	0	0	0	0	0
hCoV-19/Brazil/RS-LGBM-HMV-01-0067-P/2022	29602	8826	5396	5791	9507	82	0	0	0	0
hCoV-19/Brazil/RS-LGBM-HMV-01-0068-F/2022	29602	8826	5396	5791	9507	82	0	0	0	0
hCoV-19/Brazil/RS-LGBM-HMV-01-0070-F/2022	29602	8828	5392	5789	9511	82	0	0	0	0
hCoV-19/Brazil/RS-LGBM-HMV-01-0074-P/2022	29602	8827	5395	5790	9508	82	0	0	0	0
hCoV-19/Brazil/RS-LGBM-HMV-01-0079-F/2022	29602	8791	5372	5761	9466	212	0	0	0	0
hCoV-19/Brazil/RS-LGBM-HMV-01-0080-F/2022	29602	8827	5389	5791	9513	82	0	0	0	0
hCoV-19/Brazil/RS-LGBM-HMV-01-0081-F/2022	29602	8825	5395	5791	9509	82	0	0	0	0
hCoV-19/Brazil/RS-LGBM-HMV-01-0090-P/2022	29602	8795	5381	5772	9480	174	0	0	0	0
hCoV-19/Brazil/RS-LGBM-HMV-01-0091-P/2022	29602	8824	5398	5791	9507	82	0	0	0	0
hCoV-19/Brazil/RS-LGBM-HMV-01-0092-P/2022	29602	8827	5396	5790	9507	82	0	0	0	0
hCoV-19/Brazil/RS-LGBM-HMV-01-0093-P/2022	29602	8826	5394	5791	9509	82	0	0	0	0
hCoV-19/Brazil/RS-LGBM-HMV-01-0160-F/2022	29458	8712	5316	5718	9375	337	0	0	0	0
hCoV-19/Brazil/RS-LGBM-HMV-01-0169-F/2022	29502	8638	5273	5684	9305	602	0	0	0	0
hCoV-19/Brazil/RS-LGBM-HMV-01-0173-F/2022	29349	8568	5230	5640	9234	677	0	0	0	0
hCoV-19/Brazil/RS-LGBM-HMV-01-0188-F/2022	29502	8583	5250	5645	9237	787	0	0	0	0
hCoV-19/Brazil/RS-LGBM-HMV-01-0193-F/2022	29502	8495	5196	5615	9144	1052	0	0	0	0
hCoV-19/Brazil/RS-LGBM-HMV-01-0199-F/2022	29602	8541	5238	5639	9232	952	0	0	0	0
hCoV-19/Brazil/RS-LGBM-HMV-01-0087-F/2022	29349	8749	5332	5746	9419	103	0	0	0	0
hCoV-19/Brazil/RS-LGBM-HMV-01-0099-F/2022	29602	8823	5393	5790	9509	87	0	0	0	0
hCoV-19/Brazil/RS-LGBM-HMV-01-0089-F/2022	29349	8734	5320	5728	9407	160	0	0	0	0
hCoV-19/Brazil/RS-LGBM-HMV-01-0116-F/2022	29601	8822	5392	5794	9511	82	0	0	0	0
hCoV-19/Brazil/RS-LGBM-HMV-01-0133-P/2022	29349	8752	5339	5752	9424	82	0	0	0	0
hCoV-19/Brazil/RS-LGBM-HMV-01-0134-P/2022	29349	8750	5334	5746	9418	101	0	0	0	0
hCoV-19/Brazil/RS-LGBM-HMV-01-0042-F/2022	29349	8751	5335	5744	9418	101	0	0	0	0
hCoV-19/Brazil/RS-LGBM-HMV-01-0046-F/2022	29349	8743	5328	5737	9412	129	0	0	0	0
hCoV-19/Brazil/RS-LGBM-HMV-01-0047-F/2022	29349	8723	5326	5730	9396	174	0	0	0	0
hCoV-19/Brazil/RS-LGBM-HMV-01-0052-F/2022	29349	8754	5340	5749	9424	82	0	0	0	0
hCoV-19/Brazil/RS-LGBM-HMV-01-0059-F/2022	29349	8754	5338	5750	9425	82	0	0	0	0
hCoV-19/Brazil/RS-LGBM-HMV-01-0060-F/2022	29349	8751	5336	5744	9417	101	0	0	0	0
hCoV-19/Brazil/RS-LGBM-HMV-01-0071-F/2022	29349	8750	5333	5746	9419	101	0	0	0	0
hCoV-19/Brazil/RS-LGBM-HMV-01-0076-F/2022	29349	8714	5315	5719	9384	217	0	0	0	0
hCoV-19/Brazil/RS-LGBM-HMV-01-0274-F/2023	29605	8808	5406	5779	9516	96	0	0	0	0
hCoV-19/Brazil/RS-LMM73682/2022	29787	8905	5450	5837	9595	0	0	0	0	0
hCoV-19/Brazil/RS-LMM73607/2022	29766	8894	5447	5834	9591	0	0	0	0	0
hCoV-19/Brazil/RS-LMM73599/2022	29799	8907	5443	5843	9606	0	0	0	0	0
hCoV-19/Brazil/RS-LMM73279/2022	29779	8903	5451	5834	9591	0	0	0	0	0
hCoV-19/Brazil/RS-LMM73278/2022	29777	8901	5452	5834	9590	0	0	0	0	0
hCoV-19/Brazil/RS-LMM73275/2022	29824	8934	5452	5839	9599	0	0	0	0	0
hCoV-19/Brazil/RS-LMM73274/2022	29777	8902	5449	5836	9590	0	0	0	0	0
hCoV-19/Brazil/RS-LACEN-431819543/2023	29732	8505	5185	5578	9197	1267	0	0	0	0
hCoV-19/Brazil/RS-LACEN-431819544/2023	29755	8893	5446	5832	9584	0	0	0	0	0
hCoV-19/Brazil/RS-LACEN-431819545/2023	29735	8862	5419	5814	9554	86	0	0	0	0
hCoV-19/Brazil/RS-LACEN-431819547/2023	29809	8798	5335	5727	9452	497	0	0	0	0
hCoV-19/Brazil/RS-LACEN-431819548/2023	29834	8935	5449	5835	9594	21	0	0	0	0
hCoV-19/Brazil/RS-LACEN-431819550/2023	29755	8894	5449	5832	9580	0	0	0	0	0
hCoV-19/Brazil/RS-LACEN-431819551/2023	29611	8531	5223	5612	9259	986	0	0	0	0
hCoV-19/Brazil/RS-LACEN-431819552/2023	29833	8931	5448	5838	9594	22	0	0	0	0
hCoV-19/Brazil/RS-LACEN-431819553/2023	29740	8757	5339	5743	9434	467	0	0	0	0
hCoV-19/Brazil/RS-LACEN-431819556/2023	29836	8936	5451	5835	9592	22	0	0	0	0
hCoV-19/Brazil/RS-LACEN-431819557/2023	29800	8779	5345	5748	9434	494	0	0	0	0
hCoV-19/Brazil/RS-LACEN-431819559/2023	29799	8812	5365	5760	9489	373	0	0	0	0
hCoV-19/Brazil/RS-LACEN-431819560/2023	29756	8891	5442	5835	9588	0	0	0	0	0
hCoV-19/Brazil/RS-LACEN-431819564/2023	29838	8935	5452	5837	9593	21	0	0	0	0
hCoV-19/Brazil/RS-LACEN-431819566/2023	29728	8758	5363	5759	9485	363	0	0	0	0
hCoV-19/Brazil/RS-LACEN-431819567/2023	29747	8559	5239	5608	9275	1066	0	0	0	0
hCoV-19/Brazil/RS-LACEN-431819568/2023	29731	8770	5351	5754	9459	397	0	0	0	0
hCoV-19/Brazil/RS-LACEN-431819569/2023	29762	8834	5405	5791	9532	200	0	0	0	0
hCoV-19/Brazil/RS-LACEN-431819571/2023	29739	8754	5345	5727	9456	457	0	0	0	0
hCoV-19/Brazil/RS-LACEN-431819572/2023	29832	8617	5235	5627	9292	1061	0	0	0	0
hCoV-19/Brazil/RS-LACEN-431819575/2023	29841	8936	5453	5837	9594	21	0	0	0	0
hCoV-19/Brazil/RS-LACEN-431819576/2023	29833	8935	5449	5835	9594	20	0	0	0	0
hCoV-19/Brazil/RS-LACEN-431819577/2023	29843	8755	5315	5699	9403	671	0	0	0	0
hCoV-19/Brazil/RS-LACEN-431819578/2023	29832	8933	5454	5835	9589	21	0	0	0	0
hCoV-19/Brazil/RS-LACEN-431819579/2023	29745	8814	5411	5785	9523	212	0	0	0	0
hCoV-19/Brazil/RS-LACEN-431819580/2023	29721	8790	5360	5771	9464	334	2	0	0	0
hCoV-19/Brazil/RS-LACEN-431819582/2023	29813	8831	5354	5741	9474	413	0	0	0	0
hCoV-19/Brazil/RS-LACEN-431819583/2023	29730	8885	5439	5831	9575	0	0	0	0	0
hCoV-19/Brazil/RS-LACEN-431819585/2023	29723	8702	5332	5718	9424	547	0	0	0	0
hCoV-19/Brazil/RS-LACEN-431819586/2023	29745	8825	5395	5785	9530	210	0	0	0	0
hCoV-19/Brazil/RS-LACEN-431819587/2023	29728	8796	5393	5779	9507	253	0	0	0	0
hCoV-19/Brazil/RS-LACEN-431819590/2023	29744	8532	5264	5644	9252	1052	0	0	0	0
hCoV-19/Brazil/RS-LACEN-431819591/2023	29835	8934	5451	5832	9595	23	0	0	0	0
hCoV-19/Brazil/RS-LACEN-431819592/2023	29793	8871	5409	5798	9543	172	0	0	0	0
hCoV-19/Brazil/RS-LACEN-431819593/2023	29748	8592	5235	5634	9276	1011	0	0	0	0
hCoV-19/Brazil/RS-LACEN-431819595/2023	29812	8871	5398	5792	9542	209	0	0	0	0
hCoV-19/Brazil/RS-LACEN-431819599/2023	29642	8567	5245	5662	9257	911	0	0	0	0
hCoV-19/Brazil/RS-LACEN-431819602/2023	29733	8845	5423	5807	9558	100	0	0	0	0
hCoV-19/Brazil/RS-LACEN-431819603/2023	29806	8841	5390	5782	9528	264	1	0	0	0
hCoV-19/Brazil/RS-LACEN-431819604/2023	29751	8893	5443	5832	9583	0	0	0	0	0
hCoV-19/Brazil/RS-LACEN-431819605/2023	29781	8902	5453	5837	9589	0	0	0	0	0
hCoV-19/Brazil/RS-LACEN-431819606/2023	29814	8930	5449	5834	9579	22	0	0	0	0
hCoV-19/Brazil/RS-LACEN-431819607/2023	29745	8612	5271	5658	9352	852	0	0	0	0
hCoV-19/Brazil/RS-LACEN-431819608/2023	29813	8905	5429	5819	9567	93	0	0	0	0
hCoV-19/Brazil/RS-LACEN-431819609/2023	29735	8781	5381	5768	9502	303	0	0	0	0
hCoV-19/Brazil/RS-LACEN-431819610/2023	29751	8700	5302	5696	9384	669	0	0	0	0
hCoV-19/Brazil/RS-LACEN-431819611/2023	29749	8825	5394	5794	9496	240	0	0	0	0
hCoV-19/Brazil/RS-LMM73087/2022	29732	8802	5391	5782	9511	246	0	0	0	0
hCoV-19/Brazil/RS-LMM73086/2022	29748	8752	5352	5746	9463	435	0	0	0	0
hCoV-19/Brazil/RS-LMM73085/2022	29438	8556	5190	5601	9247	844	0	0	0	0
hCoV-19/Brazil/RS-LMM73061/2022	29716	8526	5207	5588	9194	1201	0	0	0	0
hCoV-19/Brazil/RS-LMM-72969/2022	29901	8944	5454	5848	9602	52	1	0	0	0
hCoV-19/Brazil/RS-LMM-72976/2022	29900	8945	5458	5843	9598	56	0	0	0	0
hCoV-19/Brazil/RS-LMM-72978/2022	29900	8948	5460	5851	9604	31	6	0	0	0
hCoV-19/Brazil/RS-LMM-72980/2022	29900	8944	5456	5846	9599	55	0	0	0	0
hCoV-19/Brazil/RS-LMM-73020/2022	29901	8950	5453	5843	9602	52	1	0	0	0
hCoV-19/Brazil/RS-LMM-73021/2022	29900	8946	5459	5849	9600	46	0	0	0	0
hCoV-19/Brazil/RS-LMM-73022/2022	29900	8940	5453	5846	9598	63	0	0	0	0
hCoV-19/Brazil/RS-FIOCRUZ-28709/2022	29723	8747	5345	5741	9453	437	0	0	0	0
hCoV-19/Brazil/RS-FIOCRUZ-28702/2022	29733	8888	5433	5831	9581	0	0	0	0	0
hCoV-19/Brazil/RS-FIOCRUZ-28701/2022	29753	8892	5446	5832	9583	0	0	0	0	0
hCoV-19/Brazil/RS-FIOCRUZ-480/2023	29732	8817	5384	5793	9498	240	0	0	0	0
hCoV-19/Brazil/RS-FIOCRUZ-470/2023	29718	8865	5422	5815	9567	49	0	0	0	0
hCoV-19/Brazil/RS-FIOCRUZ-28705/2022	29743	8886	5435	5834	9588	0	0	0	0	0
hCoV-19/Brazil/RS-FIOCRUZ-447/2023	29736	8816	5385	5794	9501	240	0	0	0	0
hCoV-19/Brazil/RS-FIOCRUZ-446/2023	29737	8888	5436	5833	9580	0	0	0	0	0
hCoV-19/Brazil/RS-FIOCRUZ-462/2023	29741	8887	5441	5831	9580	2	0	0	0	0
hCoV-19/Brazil/RS-FIOCRUZ-515/2023	29743	8808	5399	5791	9520	225	0	0	0	0
hCoV-19/Brazil/RS-FIOCRUZ-436/2023	29733	8870	5428	5825	9573	37	0	0	0	0
hCoV-19/Brazil/RS-FIOCRUZ-475/2023	29669	8804	5382	5773	9499	211	0	0	0	0
hCoV-19/Brazil/RS-FIOCRUZ-472/2023	29742	8888	5432	5834	9588	0	0	0	0	0
hCoV-19/Brazil/RS-FIOCRUZ-452/2023	29721	8777	5376	5772	9489	307	0	0	0	0
hCoV-19/Brazil/RS-FIOCRUZ-474/2023	29736	8816	5387	5794	9499	240	0	0	0	0
hCoV-19/Brazil/RS-FIOCRUZ-28711/2022	29735	8888	5437	5831	9579	0	0	0	0	0
hCoV-19/Brazil/RS-FIOCRUZ-517/2023	29736	8818	5388	5792	9498	240	0	0	0	0
hCoV-19/Brazil/RS-FIOCRUZ-448/2023	29716	8753	5350	5747	9459	407	0	0	0	0
hCoV-19/Brazil/RS-FIOCRUZ-459/2023	29723	8763	5342	5754	9446	418	0	0	0	0
hCoV-19/Brazil/RS-FIOCRUZ-465/2023	29737	8847	5416	5807	9550	117	0	0	0	0
hCoV-19/Brazil/RS-FIOCRUZ-469/2023	29737	8887	5436	5832	9582	0	0	0	0	0
hCoV-19/Brazil/RS-FIOCRUZ-438/2023	29623	8840	5399	5795	9516	73	0	0	0	0
hCoV-19/Brazil/RS-FIOCRUZ-28710/2022	29746	8888	5443	5833	9582	0	0	0	0	0
hCoV-19/Brazil/RS-FIOCRUZ-454/2023	29726	8816	5383	5791	9496	240	0	0	0	0
hCoV-19/Brazil/RS-FIOCRUZ-437/2023	29452	8753	5336	5733	9434	196	0	0	0	0
hCoV-19/Brazil/RS-FIOCRUZ-440/2023	29722	8828	5393	5792	9515	194	0	0	0	0
hCoV-19/Brazil/RS-FIOCRUZ-518/2023	29745	8887	5440	5833	9585	0	0	0	0	0
hCoV-19/Brazil/RS-FIOCRUZ-28703/2022	29749	8888	5438	5837	9586	0	0	0	0	0
hCoV-19/Brazil/RS-FIOCRUZ-479/2023	29726	8815	5383	5794	9494	240	0	0	0	0
hCoV-19/Brazil/RS-FIOCRUZ-435/2023	29750	8890	5441	5833	9586	0	0	0	0	0
hCoV-19/Brazil/RS-FIOCRUZ-28706/2022	29719	8785	5351	5750	9463	370	0	0	0	0
hCoV-19/Brazil/RS-FIOCRUZ-466/2023	29708	8866	5420	5818	9548	56	0	0	0	0
hCoV-19/Brazil/RS-FIOCRUZ-478/2023	29738	8809	5396	5787	9516	230	0	0	0	0
hCoV-19/Brazil/RS-FIOCRUZ-450/2023	29746	8888	5444	5833	9581	0	0	0	0	0
hCoV-19/Brazil/RS-FIOCRUZ-28707/2022	29737	8889	5438	5831	9579	0	0	0	0	0
hCoV-19/Brazil/RS-FIOCRUZ-516/2023	29736	8815	5388	5796	9497	240	0	0	0	0
hCoV-19/Brazil/RS-FIOCRUZ-453/2023	29719	8733	5337	5749	9420	480	0	0	0	0
hCoV-19/Brazil/RS-FIOCRUZ-445/2023	29744	8889	5441	5832	9582	0	0	0	0	0
hCoV-19/Brazil/RS-FIOCRUZ-468/2023	29730	8801	5391	5786	9507	245	0	0	0	0
hCoV-19/Brazil/RS-FIOCRUZ-467/2023	29720	8878	5430	5823	9573	16	0	0	0	0
hCoV-19/Brazil/RS-FIOCRUZ-451/2023	29647	8683	5318	5725	9378	543	0	0	0	0
hCoV-19/Brazil/RS-FIOCRUZ-471/2023	29733	8877	5435	5827	9573	21	0	0	0	0
hCoV-19/Brazil/RS-FIOCRUZ-442/2023	29742	8888	5439	5834	9581	0	0	0	0	0
hCoV-19/Brazil/RS-FIOCRUZ-28708/2022	29694	8644	5277	5683	9322	768	0	0	0	0
hCoV-19/Brazil/RS-FIOCRUZ-449/2023	29748	8892	5444	5832	9580	0	0	0	0	0
hCoV-19/Brazil/RS-FIOCRUZ-501/2023	29731	8555	5252	5625	9242	1057	0	0	0	0
hCoV-19/Brazil/RS-FIOCRUZ-460/2023	29730	8872	5432	5824	9558	44	0	0	0	0
hCoV-19/Brazil/RS-FIOCRUZ-439/2023	29725	8885	5440	5829	9571	0	0	0	0	0
hCoV-19/Brazil/RS-FIOCRUZ-457/2023	29729	8800	5396	5782	9508	243	0	0	0	0
hCoV-19/Brazil/RS-LACENRS-431827090/2023	29753	8809	5406	5792	9516	230	0	0	0	0
hCoV-19/Brazil/RS-LACENRS-431827091/2023	29807	8543	5212	5601	9125	1326	0	0	0	0
hCoV-19/Brazil/RS-LACENRS-431827092/2023	29744	8820	5391	5795	9498	240	0	0	0	0
hCoV-19/Brazil/RS-LACENRS-431827095/2023	29806	8892	5427	5819	9563	105	0	0	0	0
hCoV-19/Brazil/RS-LACENRS-431827096/2023	29813	8927	5447	5833	9584	22	0	0	0	0
hCoV-19/Brazil/RS-LACENRS-431827098/2023	29801	8848	5385	5791	9494	283	0	0	0	0
hCoV-19/Brazil/RS-LACENRS-431827100/2023	29797	8852	5388	5792	9494	271	0	0	0	0
hCoV-19/Brazil/RS-LACENRS-431827101/2023	29821	8921	5444	5837	9596	23	0	0	0	0
hCoV-19/Brazil/RS-LACENRS-431827102/2023	29804	8852	5392	5797	9500	263	0	0	0	0
hCoV-19/Brazil/RS-LACENRS-431827104/2023	29810	8926	5437	5835	9590	22	0	0	0	0
hCoV-19/Brazil/RS-LACENRS-431827106/2023	29810	8602	5208	5587	9235	1178	0	0	0	0
hCoV-19/Brazil/RS-LACENRS-431827108/2023	29804	8856	5393	5795	9497	263	0	0	0	0
hCoV-19/Brazil/RS-LACENRS-431827112/2023	29756	8892	5439	5834	9591	0	0	0	0	0
hCoV-19/Brazil/RS-LACENRS-431827116/2023	29834	8936	5452	5835	9589	22	0	0	0	0
hCoV-19/Brazil/RS-LACENRS-431827117/2023	29832	8930	5451	5835	9593	23	0	0	0	0
hCoV-19/Brazil/RS-LACENRS-431827118/2023	29830	8934	5444	5837	9593	22	0	0	0	0
hCoV-19/Brazil/RS-LACENRS-431827120/2023	29793	8842	5392	5794	9501	264	0	0	0	0
hCoV-19/Brazil/RS-LACENRS-431827121/2023	29808	8672	5273	5681	9294	888	0	0	0	0
hCoV-19/Brazil/RS-LACENRS-431827123/2023	29837	8934	5454	5837	9590	22	0	0	0	0
hCoV-19/Brazil/RS-LACENRS-431827125/2023	29840	8936	5455	5837	9590	22	0	0	0	0
hCoV-19/Brazil/RS-LACENRS-431827126/2023	29832	8934	5454	5834	9588	22	0	0	0	0
hCoV-19/Brazil/RS-LACENRS-431827127/2023	29799	8792	5335	5750	9448	474	0	0	0	0
hCoV-19/Brazil/RS-LACENRS-431827128/2023	29813	8814	5378	5761	9462	398	0	0	0	0
hCoV-19/Brazil/RS-LACENRS-431827130/2023	29813	8689	5289	5682	9373	780	0	0	0	0
hCoV-19/Brazil/RS-LACENRS-431827131/2023	29832	8935	5447	5834	9594	22	0	0	0	0
hCoV-19/Brazil/RS-LACENRS-431827132/2023	29796	8911	5444	5832	9586	23	0	0	0	0
hCoV-19/Brazil/RS-LACENRS-431827133/2023	29821	8860	5399	5795	9504	263	0	0	0	0
hCoV-19/Brazil/RS-LACENRS-431827135/2023	29801	8913	5438	5830	9570	50	0	0	0	0
hCoV-19/Brazil/RS-LACENRS-431827137/2023	29809	8924	5448	5831	9582	24	0	0	0	0
hCoV-19/Brazil/RS-LACENRS-431827138/2023	29808	8925	5441	5834	9584	24	0	0	0	0
hCoV-19/Brazil/RS-LACENRS-431827166/2023	29810	8918	5438	5829	9587	38	0	0	0	0
hCoV-19/Brazil/RS-LACENRS-431827139/2023	29810	8682	5269	5645	9368	846	0	0	0	0
hCoV-19/Brazil/RS-LACENRS-431827140/2023	29809	8859	5383	5769	9512	286	0	0	0	0
hCoV-19/Brazil/RS-LACENRS-431827142/2023	29818	8933	5450	5832	9580	23	0	0	0	0
hCoV-19/Brazil/RS-LACENRS-431827143/2023	29818	8911	5436	5817	9568	86	0	0	0	0
hCoV-19/Brazil/RS-LACENRS-431827144/2023	29810	8698	5276	5667	9323	846	0	0	0	0
hCoV-19/Brazil/RS-LACENRS-431827147/2023	29812	8546	5152	5534	9186	1394	0	0	0	0
hCoV-19/Brazil/RS-LACENRS-431827148/2023	29807	8916	5451	5836	9581	23	0	0	0	0
hCoV-19/Brazil/RS-LACENRS-431827149/2023	29770	8865	5427	5819	9553	106	0	0	0	0
hCoV-19/Brazil/RS-LACENRS-431827150/2023	29836	8935	5453	5836	9590	22	0	0	0	0
hCoV-19/Brazil/RS-LACENRS-431827152/2023	29828	8926	5451	5836	9592	23	0	0	0	0
hCoV-19/Brazil/RS-LACENRS-431827153/2023	29804	8855	5391	5795	9502	261	0	0	0	0
hCoV-19/Brazil/RS-LACENRS-431827157/2023	29804	8808	5347	5767	9461	421	0	0	0	0
hCoV-19/Brazil/RS-LACENRS-431827159/2023	29783	8843	5402	5796	9548	194	0	0	0	0
hCoV-19/Brazil/RS-LACENRS-431827160/2023	29810	8811	5349	5751	9473	426	0	0	0	0
hCoV-19/Brazil/RS-LACENRS-431827162/2023	29806	8923	5446	5833	9582	22	0	0	0	0
hCoV-19/Brazil/RS-LACENRS-431827163/2023	29827	8925	5452	5836	9591	23	0	0	0	0
hCoV-19/Brazil/RS-LACENRS-431827164/2023	29798	8851	5386	5790	9494	277	0	0	0	0
hCoV-19/Brazil/RS-LMM73172/2022	29835	8938	5451	5842	9603	0	1	0	0	0
hCoV-19/Brazil/RS-LMM73174/2022	29861	8950	5464	5848	9599	0	0	0	0	0
hCoV-19/Brazil/RS-LMM73175/2022	29870	8947	5460	5857	9606	0	0	0	0	0
hCoV-19/Brazil/RS-LMM73176/2022	29870	8947	5458	5858	9607	0	0	0	0	0
hCoV-19/Brazil/RS-LMM73201/2022	29870	8951	5458	5855	9606	0	0	0	0	0
hCoV-19/Brazil/RS-FIOCRUZ-483/2023	29757	8893	5447	5833	9584	0	0	0	0	0
hCoV-19/Brazil/RS-FIOCRUZ-484/2023	29757	8891	5448	5834	9584	0	0	0	0	0
hCoV-19/Brazil/RS-FIOCRUZ-485/2023	29753	8814	5405	5792	9516	226	0	0	0	0
hCoV-19/Brazil/RS-FIOCRUZ-486/2023	29756	8892	5447	5831	9586	0	0	0	0	0
hCoV-19/Brazil/RS-FIOCRUZ-489/2023	29756	8893	5446	5833	9584	0	0	0	0	0
hCoV-19/Brazil/RS-FIOCRUZ-490/2023	29754	8788	5393	5781	9494	298	0	0	0	0
hCoV-19/Brazil/RS-FIOCRUZ-493/2023	29751	8456	5169	5548	9182	1396	0	0	0	0
hCoV-19/Brazil/RS-FIOCRUZ-494/2023	29743	8887	5445	5832	9579	0	0	0	0	0
hCoV-19/Brazil/RS-FIOCRUZ-495/2023	29754	8892	5446	5832	9584	0	0	0	0	0
hCoV-19/Brazil/RS-FIOCRUZ-496/2023	29755	8893	5444	5831	9587	0	0	0	0	0
hCoV-19/Brazil/RS-LGBM-HMV-0085F/2022	29602	8819	5388	5789	9506	100	0	0	0	0
hCoV-19/Brazil/RS-LGBM-HMV-0111F/2022	29602	8699	5317	5698	9328	560	0	0	0	0
hCoV-19/Brazil/RS-LGBM-HMV-0114F/2022	29755	8806	5385	5776	9484	304	0	0	0	0
hCoV-19/Brazil/RS-LGBM-HMV-0120P/2022	29602	8818	5392	5790	9503	99	0	0	0	0
hCoV-19/Brazil/RS-LGBM-HMV-0121P/2022	29602	8751	5339	5728	9404	380	0	0	0	0
hCoV-19/Brazil/RS-LGBM-HMV-0123P/2022	29602	8827	5395	5789	9509	82	0	0	0	0
hCoV-19/Brazil/RS-LGBM-HMV-0124F/2022	29602	8724	5342	5730	9414	392	0	0	0	0
hCoV-19/Brazil/RS-LGBM-HMV-0145P/2022	29602	8825	5393	5789	9509	86	0	0	0	0
hCoV-19/Brazil/RS-LGBM-HMV-0158F/2022	29602	8809	5386	5774	9483	150	0	0	0	0
hCoV-19/Brazil/RS-LGBM-HMV-0182F/2022	29602	8827	5396	5790	9507	82	0	0	0	0
hCoV-19/Brazil/RS-LGBM-HMV-0241F/2022	29602	8812	5393	5779	9503	115	0	0	0	0
hCoV-19/Brazil/RS-FIOCRUZ-4078/2023	29721	8882	5441	5825	9573	0	0	0	0	0
hCoV-19/Brazil/RS-FIOCRUZ-4079/2023	29721	8883	5440	5826	9572	0	0	0	0	0
hCoV-19/Brazil/RS-FIOCRUZ-4107/2023	29721	8883	5441	5827	9570	0	0	0	0	0
hCoV-19/Brazil/RS-FIOCRUZ-4080/2023	29730	8888	5443	5830	9569	0	0	0	0	0
hCoV-19/Brazil/RS-FIOCRUZ-4081/2023	29427	8504	5174	5573	9229	947	0	0	0	0
hCoV-19/Brazil/RS-FIOCRUZ-4082/2023	29644	8762	5333	5733	9445	371	0	0	0	0
hCoV-19/Brazil/RS-FIOCRUZ-4077/2023	29721	8883	5440	5827	9571	0	0	0	0	0
hCoV-19/Brazil/RS-FIOCRUZ-4097/2023	29684	8864	5428	5804	9542	46	0	0	0	0
hCoV-19/Brazil/RS-FIOCRUZ-4083/2023	29721	8881	5440	5830	9570	0	0	0	0	0
hCoV-19/Brazil/RS-FIOCRUZ-4088/2023	29721	8884	5437	5826	9574	0	0	0	0	0
hCoV-19/Brazil/RS-FIOCRUZ-4116/2023	29721	8884	5439	5825	9573	0	0	0	0	0
hCoV-19/Brazil/RS-FIOCRUZ-4085/2023	29427	8709	5310	5707	9400	301	0	0	0	0
hCoV-19/Brazil/RS-FIOCRUZ-4084/2023	29412	8719	5301	5689	9389	314	0	0	0	0
hCoV-19/Brazil/RS-FIOCRUZ-4098/2023	29681	8875	5429	5823	9551	3	0	0	0	0
hCoV-19/Brazil/RS-FIOCRUZ-4128/2023	29721	8484	5208	5587	9222	1220	0	0	0	0
hCoV-19/Brazil/RS-FIOCRUZ-4092/2023	29427	8752	5336	5720	9422	197	0	0	0	0
hCoV-19/Brazil/RS-FIOCRUZ-4095/2023	29730	8883	5440	5828	9579	0	0	0	0	0
hCoV-19/Brazil/RS-FIOCRUZ-4093/2023	29724	8888	5439	5826	9571	0	0	0	0	0
hCoV-19/Brazil/RS-FIOCRUZ-4091/2023	29721	8784	5369	5762	9471	335	0	0	0	0
hCoV-19/Brazil/RS-FIOCRUZ-4090/2023	29721	8883	5440	5829	9569	0	0	0	0	0
hCoV-19/Brazil/RS-FIOCRUZ-4089/2023	29721	8877	5431	5827	9562	24	0	0	0	0
hCoV-19/Brazil/RS-FIOCRUZ-4103/2023	29721	8885	5441	5825	9570	0	0	0	0	0
hCoV-19/Brazil/RS-FIOCRUZ-4112/2023	29700	8880	5435	5825	9560	0	0	0	0	0
hCoV-19/Brazil/RS-FIOCRUZ-4114/2023	29699	8876	5435	5822	9560	6	0	0	0	0
hCoV-19/Brazil/RS-FIOCRUZ-4113/2023	29721	8884	5439	5829	9569	0	0	0	0	0
hCoV-19/Brazil/RS-FIOCRUZ-4111/2023	29721	8883	5442	5827	9569	0	0	0	0	0
hCoV-19/Brazil/RS-FIOCRUZ-4106/2023	29418	8668	5286	5683	9355	426	0	0	0	0
hCoV-19/Brazil/RS-FIOCRUZ-4100/2023	29424	8672	5288	5676	9361	427	0	0	0	0
hCoV-19/Brazil/RS-FIOCRUZ-4104/2023	29721	8881	5441	5828	9571	0	0	0	0	0
hCoV-19/Brazil/RS-FIOCRUZ-4109/2023	29721	8882	5439	5829	9571	0	0	0	0	0
hCoV-19/Brazil/RS-FIOCRUZ-4127/2023	29721	8882	5440	5825	9574	0	0	0	0	0
hCoV-19/Brazil/RS-FIOCRUZ-4102/2023	29721	8882	5439	5827	9573	0	0	0	0	0
hCoV-19/Brazil/RS-FIOCRUZ-4108/2023	29667	8817	5389	5783	9503	175	0	0	0	0
hCoV-19/Brazil/RS-FIOCRUZ-4101/2023	29721	8884	5439	5826	9572	0	0	0	0	0
hCoV-19/Brazil/RS-FIOCRUZ-4118/2023	29718	8886	5435	5828	9569	0	0	0	0	0
hCoV-19/Brazil/RS-FIOCRUZ-4117/2023	29718	8886	5435	5828	9569	0	0	0	0	0
hCoV-19/Brazil/RS-FIOCRUZ-4121/2023	29721	8884	5442	5826	9569	0	0	0	0	0
hCoV-19/Brazil/RS-FIOCRUZ-4120/2023	29721	8882	5438	5828	9573	0	0	0	0	0
hCoV-19/Brazil/RS-FIOCRUZ-4115/2023	29730	8887	5441	5830	9572	0	0	0	0	0
hCoV-19/Brazil/RS-FIOCRUZ-4110/2023	29721	8883	5440	5827	9571	0	0	0	0	0
hCoV-19/Brazil/RS-FIOCRUZ-4119/2023	29721	8884	5440	5829	9568	0	0	0	0	0
hCoV-19/Brazil/RS-FIOCRUZ-4125/2023	29638	8643	5300	5677	9356	662	0	0	0	0
hCoV-19/Brazil/RS-FIOCRUZ-4135/2023	29637	8852	5410	5800	9525	50	0	0	0	0
hCoV-19/Brazil/RS-FIOCRUZ-4129/2023	29721	8882	5439	5830	9570	0	0	0	0	0
hCoV-19/Brazil/RS-FIOCRUZ-4122/2023	29721	8877	5435	5825	9573	11	0	0	0	0
hCoV-19/Brazil/RS-FIOCRUZ-4134/2023	29721	8884	5442	5826	9569	0	0	0	0	0
hCoV-19/Brazil/RS-FIOCRUZ-4131/2023	29715	8888	5430	5826	9570	1	0	0	0	0
hCoV-19/Brazil/RS-FIOCRUZ-4130/2023	29715	8888	5432	5824	9571	0	0	0	0	0
hCoV-19/Brazil/RS-FIOCRUZ-4132/2023	29721	8883	5439	5827	9572	0	0	0	0	0
hCoV-19/Brazil/RS-FIOCRUZ-4133/2023	29697	8743	5357	5749	9442	406	0	0	0	0
hCoV-19/Brazil/RS-FIOCRUZ-4137/2023	29721	8884	5440	5826	9571	0	0	0	0	0
hCoV-19/Brazil/RS-FIOCRUZ-4139/2023	29520	8584	5259	5639	9291	747	0	0	0	0
hCoV-19/Brazil/RS-FIOCRUZ-4136/2023	29716	8882	5440	5825	9568	1	0	0	0	0
hCoV-19/Brazil/RS-FIOCRUZ-4138/2023	29425	8619	5240	5642	9307	617	0	0	0	0
hCoV-19/Brazil/RS-050-66438-433/2022	29753	8739	5356	5746	9435	477	0	0	0	0
hCoV-19/Brazil/RS-050-66438-470/2022	29723	8700	5340	5726	9392	565	0	0	0	0
hCoV-19/Brazil/RS-050-66447-45/2022	29718	8814	5386	5773	9498	247	0	0	0	0
hCoV-19/Brazil/RS-050-66453-472/2022	29718	8757	5341	5726	9429	465	0	0	0	0
hCoV-19/Brazil/RS-050-66456-650/2022	29718	8884	5424	5826	9579	5	0	0	0	0
hCoV-19/Brazil/RS-050-66458-457/2022	29718	8524	5211	5609	9250	1124	0	0	0	0
hCoV-19/Brazil/RS-050-66465-324/2022	29715	8812	5387	5773	9501	242	0	0	0	0
hCoV-19/Brazil/RS-060-66458-769/2022	29718	8885	5427	5824	9573	9	0	0	0	0
hCoV-19/Brazil/RS-060-66465-786/2022	29703	8651	5282	5708	9295	767	0	0	0	0
hCoV-19/Brazil/RS-062-66438-721/2022	29756	8892	5441	5834	9589	0	0	0	0	0
hCoV-19/Brazil/RS-062-66442-723/2022	29709	8642	5286	5690	9322	769	0	0	0	0
hCoV-19/Brazil/RS-062-66467-128/2022	29718	8888	5426	5825	9573	6	0	0	0	0
hCoV-19/Brazil/RS-1076232-01/2022	29622	8411	5119	5528	9032	1532	0	0	0	0
hCoV-19/Brazil/RS-1076722-01/2022	29722	8614	5275	5661	9314	858	0	0	0	0
hCoV-19/Brazil/RS-1077182-01/2022	29716	8612	5269	5671	9279	885	0	0	0	0
hCoV-19/Brazil/RS-1089468-01/2022	29718	8075	4949	5333	8741	2620	0	0	0	0
hCoV-19/Brazil/RS-120-66439-319/2022	29745	8821	5386	5796	9502	240	0	0	0	0
hCoV-19/Brazil/RS-120-66457-583/2022	29718	8884	5423	5827	9581	3	0	0	0	0
hCoV-19/Brazil/RS-120-66457-585/2022	29718	8884	5424	5826	9580	4	0	0	0	0
hCoV-19/Brazil/RS-120-66465-315/2022	29709	8154	4998	5419	8864	2274	0	0	0	0
hCoV-19/Brazil/RS-210-66445-773/2022	29709	8588	5246	5645	9257	973	0	0	0	0
hCoV-19/Brazil/RS-210-66455-81/2022	29709	8645	5289	5694	9327	754	0	0	0	0
hCoV-19/Brazil/RS-210-66457-193/2022	29718	8885	5431	5825	9575	2	0	0	0	0
hCoV-19/Brazil/RS-210-66460-273/2022	29709	8585	5246	5644	9258	976	0	0	0	0
hCoV-19/Brazil/RS-211-66438-726/2022	29754	8848	5408	5813	9547	138	0	0	0	0
hCoV-19/Brazil/RS-211-66443-865/2022	29718	8885	5429	5826	9572	6	0	0	0	0
hCoV-19/Brazil/RS-211-66444-614/2022	29718	8756	5342	5725	9427	468	0	0	0	0
hCoV-19/Brazil/RS-211-66448-686/2022	29709	8717	5333	5745	9403	511	0	0	0	0
hCoV-19/Brazil/RS-211-66452-732/2022	29718	8886	5433	5825	9570	4	0	0	0	0
hCoV-19/Brazil/RS-211-66452-936/2022	29718	8886	5429	5822	9573	8	0	0	0	0
hCoV-19/Brazil/RS-211-66455-660/2022	29718	8747	5333	5733	9411	494	0	0	0	0
hCoV-19/Brazil/RS-211-66458-793/2022	29709	8718	5330	5741	9403	517	0	0	0	0
hCoV-19/Brazil/RS-211-66458-794/2022	29718	8815	5387	5771	9501	244	0	0	0	0
hCoV-19/Brazil/RS-211-66458-817/2022	29709	8589	5242	5645	9260	973	0	0	0	0
hCoV-19/Brazil/RS-311-66450-461/2022	29715	8883	5431	5824	9569	8	0	0	0	0
hCoV-19/Brazil/RS-311-66457-571/2022	29718	8885	5430	5824	9572	7	0	0	0	0
hCoV-19/Brazil/RS-311-66459-176/2022	29718	8813	5383	5776	9501	245	0	0	0	0
hCoV-19/Brazil/RS-311-66462-902/2022	29715	8812	5385	5775	9500	243	0	0	0	0
hCoV-19/Brazil/RS-311-66463-94/2022	29715	8664	5291	5679	9345	736	0	0	0	0
hCoV-19/Brazil/RS-311-66463-954/2022	29709	8652	5279	5710	9297	771	0	0	0	0
hCoV-19/Brazil/RS-311-66464-621/2022	29715	8723	5334	5725	9418	515	0	0	0	0
hCoV-19/Brazil/RS-311-66467-103/2022	29718	8813	5388	5774	9500	243	0	0	0	0
hCoV-19/Brazil/RS-311-66469-2/2022	29715	8884	5433	5825	9568	5	0	0	0	0
hCoV-19/Brazil/RS-312-66456-118/2022	29709	8643	5284	5687	9318	777	0	0	0	0
hCoV-19/Brazil/RS-312-66463-632/2022	29718	8888	5428	5826	9572	4	0	0	0	0
hCoV-19/Brazil/RS-315-66438-750/2022	29754	8814	5392	5790	9509	249	0	0	0	0
hCoV-19/Brazil/RS-315-66439-433/2022	29762	8895	5444	5831	9586	6	0	0	0	0
hCoV-19/Brazil/RS-315-66439-507/2022	29755	8832	5396	5801	9516	210	0	0	0	0
hCoV-19/Brazil/RS-315-66440-108/2022	29745	8841	5409	5810	9536	149	0	0	0	0
hCoV-19/Brazil/RS-315-66440-195/2022	29762	8819	5398	5781	9506	258	0	0	0	0
hCoV-19/Brazil/RS-315-66442-661/2022	29709	8498	5189	5597	9176	1249	0	0	0	0
hCoV-19/Brazil/RS-315-66443-559/2022	29709	8717	5331	5739	9404	518	0	0	0	0
hCoV-19/Brazil/RS-315-66443-871/2022	29718	8830	5383	5776	9503	226	0	0	0	0
hCoV-19/Brazil/RS-711/2022	29754	8864	5417	5820	9566	87	0	0	0	0
hCoV-19/Brazil/RS-705-66438-422/2022	29751	8798	5398	5783	9491	281	0	0	0	0
hCoV-19/Brazil/RS-705-66439-236/2022	29615	7958	4891	5254	8585	2927	0	0	0	0
hCoV-19/Brazil/RS-315-66444-618/2022	29718	8885	5427	5828	9573	5	0	0	0	0
hCoV-19/Brazil/RS-505-66444-537/2022	29721	8833	5409	5791	9503	185	0	0	0	0
hCoV-19/Brazil/RS-315-66445-935/2022	29712	8828	5383	5797	9504	200	0	0	0	0
hCoV-19/Brazil/RS-315-66446-326/2022	29718	8886	5431	5824	9570	7	0	0	0	0
hCoV-19/Brazil/RS-705-66448-685/2022	29703	8810	5379	5767	9487	260	0	0	0	0
hCoV-19/Brazil/RS-1013/2022	29718	8887	5428	5823	9572	8	0	0	0	0
hCoV-19/Brazil/RS-315-66448-886/2022	29709	8646	5286	5691	9329	757	0	0	0	0
hCoV-19/Brazil/RS-315-66448-897/2022	29709	8579	5241	5625	9274	990	0	0	0	0
hCoV-19/Brazil/RS-705-66449-156/2022	29709	8718	5332	5743	9404	512	0	0	0	0
hCoV-19/Brazil/RS-315-66449-823/2022	29715	8812	5388	5775	9495	245	0	0	0	0
hCoV-19/Brazil/RS-315-66449-850/2022	29709	8643	5280	5688	9329	769	0	0	0	0
hCoV-19/Brazil/RS-1620/2022	29718	8887	5431	5824	9572	4	0	0	0	0
hCoV-19/Brazil/RS-705-66452-694/2022	29718	8755	5336	5726	9434	467	0	0	0	0
hCoV-19/Brazil/RS-315-66452-971/2022	29718	8885	5431	5826	9571	5	0	0	0	0
hCoV-19/Brazil/RS-315-66453-361/2022	29718	8724	5333	5706	9410	545	0	0	0	0
hCoV-19/Brazil/RS-315-66454-108/2022	29709	8587	5242	5643	9251	986	0	0	0	0
hCoV-19/Brazil/RS-315-66455-128/2022	29718	8882	5431	5827	9572	6	0	0	0	0
hCoV-19/Brazil/RS-705-66455-608/2022	29709	8588	5246	5644	9257	974	0	0	0	0
hCoV-19/Brazil/RS-505-66455-815/2022	29718	8813	5386	5774	9497	248	0	0	0	0
hCoV-19/Brazil/RS-705-66455-750/2022	29718	8887	5431	5824	9573	3	0	0	0	0
hCoV-19/Brazil/RS-315-66456-623/2022	29715	8810	5386	5773	9493	253	0	0	0	0
hCoV-19/Brazil/RS-315-66456-781/2022	29709	8717	5330	5742	9401	519	0	0	0	0
hCoV-19/Brazil/RS-315-66456-784/2022	29709	8587	5247	5642	9254	979	0	0	0	0
hCoV-19/Brazil/RS-315-66457-527/2022	29718	8886	5426	5826	9575	5	0	0	0	0
hCoV-19/Brazil/RS-315-66457-665/2022	29715	8809	5383	5770	9490	263	0	0	0	0
hCoV-19/Brazil/RS-605-66457-409/2022	29718	8887	5428	5826	9572	5	0	0	0	0
hCoV-19/Brazil/RS-705-66457-413/2022	29715	8884	5434	5824	9569	4	0	0	0	0
hCoV-19/Brazil/RS-315-66457-865/2022	29718	8886	5427	5826	9574	5	0	0	0	0
hCoV-19/Brazil/RS-315-66457-874/2022	29718	8885	5431	5827	9571	4	0	0	0	0
hCoV-19/Brazil/RS-315-66458-28/2022	29709	8882	5427	5827	9569	4	0	0	0	0
hCoV-19/Brazil/RS-315-66458-489/2022	29703	8884	5425	5819	9566	9	0	0	0	0
hCoV-19/Brazil/RS-315-66458-612/2022	29709	8716	5334	5745	9401	513	0	0	0	0
hCoV-19/Brazil/RS-505-66458-43/2022	29709	8651	5281	5712	9297	768	0	0	0	0
hCoV-19/Brazil/RS-315-66458-802/2022	29718	8829	5389	5797	9504	199	0	0	0	0
hCoV-19/Brazil/RS-315-66461-219/2022	29718	8886	5427	5827	9574	4	0	0	0	0
hCoV-19/Brazil/RS-315-66462-531/2022	29709	8810	5385	5770	9498	246	0	0	0	0
hCoV-19/Brazil/RS-315-66462-654/2022	29715	8884	5431	5826	9570	4	0	0	0	0
hCoV-19/Brazil/RS-315-66462-706/2022	29712	8466	5203	5579	9219	1245	0	0	0	0
hCoV-19/Brazil/RS-315-66463-762/2022	29709	8490	5183	5608	9146	1282	0	0	0	0
hCoV-19/Brazil/RS-315-66463-903/2022	29709	8488	5180	5608	9141	1292	0	0	0	0
hCoV-19/Brazil/RS-315-66464-641/2022	29718	8886	5428	5826	9575	3	0	0	0	0
hCoV-19/Brazil/RS-315-66464-804/2022	29718	8812	5386	5776	9496	248	0	0	0	0
hCoV-19/Brazil/RS-315-66465-599/2022	29709	8652	5279	5710	9296	772	0	0	0	0
hCoV-19/Brazil/RS-705-66465-646/2022	29709	8652	5281	5711	9299	766	0	0	0	0
hCoV-19/Brazil/RS-062-66466-549/2022	29721	8834	5407	5792	9505	183	0	0	0	0
hCoV-19/Brazil/RS-315-66466-691/2022	29709	8652	5281	5710	9300	766	0	0	0	0
hCoV-19/Brazil/RS-315-66467-138/2022	29718	8812	5383	5778	9501	244	0	0	0	0
hCoV-19/Brazil/RS-315-66468-92/2022	29715	8886	5431	5824	9572	2	0	0	0	0
hCoV-19/Brazil/RS-315-66468-143/2022	29718	8467	5203	5589	9196	1263	0	0	0	0
hCoV-19/Brazil/RS-315-66468-239/2022	29715	8884	5433	5826	9568	4	0	0	0	0
hCoV-19/Brazil/RS-315-66468-262/2022	29718	8886	5432	5827	9569	4	0	0	0	0
hCoV-19/Brazil/RS-CoV-0039/2022	29715	8885	5431	5824	9568	7	0	0	0	0
hCoV-19/Brazil/RS-CoV-0043/2022	29718	8737	5343	5726	9426	486	0	0	0	0
hCoV-19/Brazil/RS-CoV-0044/2022	29718	8886	5430	5826	9571	5	0	0	0	0
hCoV-19/Brazil/RS-CoV-0045/2022	29709	8882	5427	5823	9568	9	0	0	0	0
hCoV-19/Brazil/RS-CoV-0046/2022	29715	8884	5434	5825	9568	4	0	0	0	0
hCoV-19/Brazil/RS-CoV-0047/2022	29718	8887	5427	5827	9572	5	0	0	0	0
hCoV-19/Brazil/RS-CoV-0048/2022	29718	8722	5333	5725	9423	515	0	0	0	0
hCoV-19/Brazil/RS-CoV-0049/2022	29709	8881	5430	5824	9568	6	0	0	0	0
hCoV-19/Brazil/RS-CoV-0011/2022	29718	8469	5202	5579	9224	1244	0	0	0	0
hCoV-19/Brazil/RS-CoV-0035/2022	29718	8815	5384	5775	9500	244	0	0	0	0
hCoV-19/Brazil/RS-CoV-0036/2022	29718	8885	5430	5827	9568	8	0	0	0	0
hCoV-19/Brazil/RS-CoV-0037/2022	29718	8883	5430	5828	9569	8	0	0	0	0
hCoV-19/Brazil/RS-CoV-0038/2022	29718	8812	5384	5775	9501	246	0	0	0	0
hCoV-19/Brazil/RS-CoV-0040/2022	29718	8884	5426	5825	9573	10	0	0	0	0
hCoV-19/Brazil/RS-CoV-0041/2022	29718	8885	5428	5827	9569	9	0	0	0	0
hCoV-19/Brazil/RS-CoV-0042/2022	29709	8650	5278	5714	9300	767	0	0	0	0
hCoV-19/Brazil/RS-CoV-0021/2022	29715	8798	5381	5768	9492	276	0	0	0	0
hCoV-19/Brazil/RS-CoV-0022/2022	29709	8718	5330	5743	9400	518	0	0	0	0
hCoV-19/Brazil/RS-CoV-0024/2022	29715	8880	5423	5828	9571	13	0	0	0	0
hCoV-19/Brazil/RS-CoV-0025/2022	29715	8812	5386	5775	9498	244	0	0	0	0
hCoV-19/Brazil/RS-CoV-0026/2022	29718	8882	5428	5826	9570	12	0	0	0	0
hCoV-19/Brazil/RS-CoV-0027/2022	29709	8697	5309	5732	9339	632	0	0	0	0
hCoV-19/Brazil/RS-CoV-0028/2022	29718	8724	5330	5728	9421	515	0	0	0	0
hCoV-19/Brazil/RS-CoV-0029/2022	29709	8430	5137	5565	9070	1507	0	0	0	0
hCoV-19/Brazil/RS-CoV-0030/2022	29709	8717	5329	5744	9401	518	0	0	0	0
hCoV-19/Brazil/RS-CoV-0031/2022	29709	8654	5276	5709	9297	773	0	0	0	0
hCoV-19/Brazil/RS-CoV-0032/2022	29715	8721	5335	5729	9417	513	0	0	0	0
hCoV-19/Brazil/RS-CoV-0033/2022	29718	8812	5382	5778	9501	245	0	0	0	0
hCoV-19/Brazil/RS-CoV-0034/2022	29715	8668	5280	5677	9352	738	0	0	0	0
hCoV-19/Brazil/RS-CoV-0001/2022	29718	8724	5336	5725	9418	515	0	0	0	0
hCoV-19/Brazil/RS-CoV-0002/2022	29709	8146	5004	5414	8868	2277	0	0	0	0
hCoV-19/Brazil/RS-CoV-0004/2022	29718	8812	5389	5777	9497	243	0	0	0	0
hCoV-19/Brazil/RS-CoV-0006/2022	29709	8718	5331	5743	9403	514	0	0	0	0
hCoV-19/Brazil/RS-CoV-0007/2022	29709	8138	5005	5406	8853	2307	0	0	0	0
hCoV-19/Brazil/RS-CoV-0008/2022	29700	8578	5236	5659	9219	1008	0	0	0	0
hCoV-19/Brazil/RS-CoV-0010/2022	29715	8740	5341	5741	9434	459	0	0	0	0
hCoV-19/Brazil/RS-CoV-0015/2022	29718	8813	5387	5774	9498	246	0	0	0	0
hCoV-19/Brazil/RS-CoV-0016/2022	29718	8885	5432	5826	9572	3	0	0	0	0
hCoV-19/Brazil/RS-CoV-0017/2022	29718	8725	5332	5726	9422	513	0	0	0	0
hCoV-19/Brazil/RS-CoV-0018/2022	29709	8488	5182	5615	9146	1278	0	0	0	0
hCoV-19/Brazil/RS-CoV-0019/2022	29718	8885	5427	5825	9577	4	0	0	0	0
hCoV-19/Brazil/RS-CoV-0023/2022	29709	8486	5183	5611	9145	1284	0	0	0	0
hCoV-19/Brazil/RS-CoV-0003/2022	29709	7986	4912	5318	8686	2807	0	0	0	0
hCoV-19/Brazil/RS-CoV-0005/2022	29718	8095	4979	5350	8788	2506	0	0	0	0
hCoV-19/Brazil/RS-CoV-0050/2022	29709	8490	5183	5612	9146	1278	0	0	0	0
hCoV-19/Brazil/RS-CoV-0058/2022	29718	8721	5337	5729	9419	512	0	0	0	0
hCoV-19/Brazil/RS-CoV-0059/2022	29709	8492	5182	5611	9146	1278	0	0	0	0
hCoV-19/Brazil/RS-CoV-0060/2022	29709	8490	5180	5611	9145	1283	0	0	0	0
hCoV-19/Brazil/RS-CoV-0061/2022	29709	8652	5279	5711	9298	769	0	0	0	0
hCoV-19/Brazil/RS-CoV-0062/2022	29715	8883	5427	5828	9567	10	0	0	0	0
hCoV-19/Brazil/RS-CoV-0064/2022	29718	8886	5430	5828	9574	0	0	0	0	0
hCoV-19/Brazil/RS-CoV-0066/2022	29718	8724	5335	5725	9421	513	0	0	0	0
hCoV-19/Brazil/RS-CoV-0070/2022	29709	8714	5330	5746	9396	523	0	0	0	0
hCoV-19/Brazil/RS-CoV-0071/2022	29709	8717	5332	5744	9400	516	0	0	0	0
hCoV-19/Brazil/RS-CoV-0055/2022	29709	8580	5238	5660	9224	1007	0	0	0	0
hCoV-19/Brazil/RS-CoV-0065/2022	29706	8579	5237	5659	9224	1007	0	0	0	0
hCoV-19/Brazil/RS-CoV-0072/2022	29718	8885	5431	5827	9573	2	0	0	0	0
hCoV-19/Brazil/RS-CoV-0073/2022	29709	8652	5280	5712	9296	769	0	0	0	0
hCoV-19/Brazil/RS-CoV-0074/2022	29715	8721	5336	5730	9417	511	0	0	0	0
hCoV-19/Brazil/RS-CoV-0075/2022	29718	8887	5429	5827	9573	2	0	0	0	0
hCoV-19/Brazil/RS-CoV-0053/2023	29715	8813	5387	5774	9496	245	0	0	0	0
hCoV-19/Brazil/RS-CoV-0063/2023	29709	8579	5238	5660	9223	1009	0	0	0	0
hCoV-19/Brazil/RS-CoV-0067/2023	29715	8664	5287	5679	9346	739	0	0	0	0
hCoV-19/Brazil/RS-CoV-0068/2023	29715	8883	5427	5824	9573	8	0	0	0	0
hCoV-19/Brazil/RS-CoV-0069/2023	29715	8658	5281	5681	9356	739	0	0	0	0
hCoV-19/Brazil/RS-CoV-0051/2023	29718	8651	5291	5676	9350	750	0	0	0	0
hCoV-19/Brazil/RS-CoV-0052/2023	29718	8815	5382	5774	9503	244	0	0	0	0
hCoV-19/Brazil/RS-CoV-0054/2023	29715	8883	5431	5828	9571	2	0	0	0	0
hCoV-19/Brazil/RS-CoV-0056/2023	29715	8883	5431	5826	9571	4	0	0	0	0
hCoV-19/Brazil/RS-CoV-0057/2023	29715	8886	5431	5826	9571	1	0	0	0	0
hCoV-19/Brazil/RS-CoV-0109/2023	29724	8882	5433	5830	9579	0	0	0	0	0
hCoV-19/Brazil/RS-CoV-0110/2023	29718	8886	5428	5829	9573	2	0	0	0	0
hCoV-19/Brazil/RS-CoV-0112/2023	29718	8886	5431	5827	9572	2	0	0	0	0
hCoV-19/Brazil/RS-CoV-0088/2023	29709	8431	5136	5568	9073	1501	0	0	0	0
hCoV-19/Brazil/RS-CoV-0101/2023	29718	8878	5431	5829	9574	6	0	0	0	0
hCoV-19/Brazil/RS-CoV-0103/2023	29715	8886	5429	5826	9571	3	0	0	0	0
hCoV-19/Brazil/RS-CoV-0105/2023	29718	8566	5251	5633	9286	982	0	0	0	0
hCoV-19/Brazil/RS-CoV-0106/2023	29715	8884	5427	5824	9577	3	0	0	0	0
hCoV-19/Brazil/RS-CoV-0107/2023	29709	8717	5328	5747	9405	512	0	0	0	0
hCoV-19/Brazil/RS-CoV-0097/2023	29718	8886	5431	5827	9572	2	0	0	0	0
hCoV-19/Brazil/RS-CoV-0098/2023	29709	8715	5330	5746	9396	522	0	0	0	0
hCoV-19/Brazil/RS-CoV-0099/2023	29718	8887	5430	5827	9572	2	0	0	0	0
hCoV-19/Brazil/RS-CoV-0100/2023	29715	8664	5287	5675	9350	739	0	0	0	0
hCoV-19/Brazil/RS-CoV-0102/2023	29718	8882	5424	5832	9578	2	0	0	0	0
hCoV-19/Brazil/RS-CoV-0094/2023	29718	8885	5429	5827	9575	2	0	0	0	0
hCoV-19/Brazil/RS-CoV-0095/2023	29700	8200	5038	5434	8935	2093	0	0	0	0
hCoV-19/Brazil/RS-CoV-0096/2023	29709	8652	5281	5711	9297	768	0	0	0	0
hCoV-19/Brazil/RS-CoV-0092/2023	29718	8883	5422	5829	9575	9	0	0	0	0
hCoV-19/Brazil/RS-CoV-0093/2023	29709	8717	5332	5745	9399	516	0	0	0	0
hCoV-19/Brazil/RS-CoV-0091/2023	29718	8885	5431	5829	9571	2	0	0	0	0
hCoV-19/Brazil/RS-CoV-0090/2023	29709	8718	5331	5746	9403	511	0	0	0	0
hCoV-19/Brazil/RS-CoV-0113/2023	29709	8204	5056	5440	8955	2054	0	0	0	0
hCoV-19/Brazil/RS-CoV-0116/2023	29709	8718	5331	5746	9404	510	0	0	0	0
hCoV-19/Brazil/RS-CoV-0119/2023	29718	8885	5429	5827	9575	2	0	0	0	0
hCoV-19/Brazil/RS-CoV-0120/2023	29718	8888	5433	5826	9569	2	0	0	0	0
hCoV-19/Brazil/RS-CoV-0122/2023	29718	8666	5282	5679	9358	733	0	0	0	0
hCoV-19/Brazil/RS-CoV-0127/2023	29718	8886	5430	5827	9573	2	0	0	0	0
hCoV-19/Brazil/RS-CoV-0115/2023	29718	8888	5430	5826	9572	2	0	0	0	0
hCoV-19/Brazil/RS-CoV-0117/2023	29718	8884	5432	5828	9572	2	0	0	0	0
hCoV-19/Brazil/RS-CoV-0121/2023	29640	8636	5267	5696	9274	767	0	0	0	0
hCoV-19/Brazil/RS-CoV-0124/2023	29718	8885	5429	5826	9576	2	0	0	0	0
hCoV-19/Brazil/RS-CoV-0130/2023	29709	8564	5226	5659	9221	1039	0	0	0	0
hCoV-19/Brazil/RS-CoV-0118/2023	29715	8886	5429	5826	9572	2	0	0	0	0
hCoV-19/Brazil/RS-CoV-0123/2023	29718	8664	5290	5683	9348	733	0	0	0	0
hCoV-19/Brazil/RS-CoV-0125/2023	29718	8795	5369	5779	9502	273	0	0	0	0
hCoV-19/Brazil/RS-CoV-0126/2023	29715	8565	5249	5634	9285	982	0	0	0	0
hCoV-19/Brazil/RS-CoV-0133/2023	29718	8221	5062	5433	8960	2042	0	0	0	0
hCoV-19/Brazil/RS-CoV-0129/2023	29715	8883	5430	5829	9569	4	0	0	0	0
hCoV-19/Brazil/RS-CoV-0128/2023	29718	8886	5432	5826	9572	2	0	0	0	0
hCoV-19/Brazil/RS-CoV-0131/2023	29709	8717	5331	5747	9404	510	0	0	0	0
hCoV-19/Brazil/RS-CoV-0132/2023	29715	8159	5010	5384	8899	2263	0	0	0	0
hCoV-19/Brazil/RS-CoV-0134/2023	29709	8715	5333	5749	9402	510	0	0	0	0
hCoV-19/Brazil/RS-CoV-0139/2023	29718	7994	4909	5289	8676	2850	0	0	0	0
hCoV-19/Brazil/RS-CoV-0140/2023	29718	8886	5430	5825	9567	10	0	0	0	0
hCoV-19/Brazil/RS-CoV-0141/2023	29715	8145	5007	5389	8858	2316	0	0	0	0
hCoV-19/Brazil/RS-CoV-0142/2023	29715	8886	5428	5824	9569	8	0	0	0	0
hCoV-19/Brazil/RS-CoV-0144/2023	29718	8887	5430	5827	9569	5	0	0	0	0
hCoV-19/Brazil/RS-CoV-0145/2023	29718	8883	5423	5826	9574	12	0	0	0	0
hCoV-19/Brazil/RS-CoV-0146/2023	29709	8050	4957	5345	8766	2591	0	0	0	0
hCoV-19/Brazil/RS-CoV-0148/2023	29715	8882	5432	5826	9565	10	0	0	0	0
hCoV-19/Brazil/RS-CoV-0180/2023	29724	8569	5199	5583	9181	1192	0	0	0	0
hCoV-19/Brazil/RS-CoV-0150/2023	29724	8760	5337	5730	9385	512	0	0	0	0
hCoV-19/Brazil/RS-CoV-0151/2023	29724	8789	5388	5782	9501	264	0	0	0	0
hCoV-19/Brazil/RS-CoV-0152/2023	29721	8710	5311	5696	9368	636	0	0	0	0
hCoV-19/Brazil/RS-CoV-0157/2023	29718	8755	5340	5728	9430	465	0	0	0	0
hCoV-19/Brazil/RS-CoV-0159/2023	29718	8884	5433	5828	9569	4	0	0	0	0
hCoV-19/Brazil/RS-CoV-0156/2023	29718	8885	5433	5827	9567	6	0	0	0	0
hCoV-19/Brazil/RS-CoV-0158/2023	29718	8884	5433	5828	9569	4	0	0	0	0
hCoV-19/Brazil/RS-CoV-0155/2023	29721	8758	5368	5745	9425	425	0	0	0	0
hCoV-19/Brazil/RS-CoV-0153/2023	29721	8452	5168	5547	9158	1396	0	0	0	0
hCoV-19/Brazil/RS-CoV-0154/2023	29721	8831	5407	5797	9499	187	0	0	0	0
hCoV-19/Brazil/RS-CoV-0162/2023	29675	8536	5223	5611	9175	1130	0	0	0	0
hCoV-19/Brazil/RS-CoV-0178/2023	29721	8453	5168	5547	9157	1396	0	0	0	0
hCoV-19/Brazil/RS-CoV-0165/2023	29724	8379	5096	5477	9044	1728	0	0	0	0
hCoV-19/Brazil/RS-CoV-0171/2023	29721	8045	4957	5314	8767	2638	0	0	0	0
hCoV-19/Brazil/RS-CoV-0181/2023	29721	8695	5310	5692	9360	664	0	0	0	0
hCoV-19/Brazil/RS-CoV-0166/2023	29721	8192	5028	5393	8915	2193	0	0	0	0
hCoV-19/Brazil/RS-CoV-0174/2023	29759	8892	5453	5833	9581	0	0	0	0	0
hCoV-19/Brazil/RS-CoV-0172/2023	29721	8881	5439	5828	9571	2	0	0	0	0
hCoV-19/Brazil/RS-CoV-0173/2023	29721	8102	4983	5350	8831	2455	0	0	0	0
hCoV-19/Brazil/RS-CoV-0169/2023	29721	8641	5267	5648	9299	866	0	0	0	0
hCoV-19/Brazil/RS-CoV-0170/2023	29760	8892	5448	5832	9588	0	0	0	0	0
hCoV-19/Brazil/RS-CoV-0177/2023	29724	8500	5191	5580	9233	1220	0	0	0	0
hCoV-19/Brazil/RS-CoV-0167/2023	29721	8354	5127	5496	9093	1651	0	0	0	0
hCoV-19/Brazil/RS-CoV-0168/2023	29721	8353	5129	5494	9095	1650	0	0	0	0
hCoV-19/Brazil/RS-CoV-0175/2023	29721	8453	5163	5546	9162	1397	0	0	0	0
hCoV-19/Brazil/RS-CoV-0176/2023	29721	8831	5407	5795	9501	187	0	0	0	0
hCoV-19/Brazil/RS-CoV-0185/2023	29721	8833	5407	5791	9501	189	0	0	0	0
hCoV-19/Brazil/RS-CoV-0191/2023	29721	8832	5408	5794	9502	185	0	0	0	0
hCoV-19/Brazil/RS-CoV-0186/2023	29767	8774	5374	5759	9429	431	0	0	0	0
hCoV-19/Brazil/RS-CoV-0187/2023	29709	8498	5188	5594	9182	1247	0	0	0	0
hCoV-19/Brazil/RS-CoV-0188/2023	29744	8563	5244	5633	9187	1117	0	0	0	0
hCoV-19/Brazil/RS-CoV-0263/2023	29721	8832	5409	5797	9497	186	0	0	0	0
hCoV-19/Brazil/RS-CoV-0183/2023	29731	8619	5283	5671	9282	876	0	0	0	0
hCoV-19/Brazil/RS-CoV-0190/2023	29721	8831	5410	5796	9499	185	0	0	0	0
hCoV-19/Brazil/RS-CoV-0197/2023	29721	8551	5215	5599	9217	1139	0	0	0	0
hCoV-19/Brazil/RS-CoV-0200/2023	29694	8822	5404	5792	9494	182	0	0	0	0
hCoV-19/Brazil/RS-CoV-0194/2023	29721	8198	5032	5397	8913	2181	0	0	0	0
hCoV-19/Brazil/RS-CoV-0198/2023	29721	8298	5098	5474	9038	1813	0	0	0	0
hCoV-19/Brazil/RS-CoV-0202/2023	29721	8835	5406	5795	9499	186	0	0	0	0
hCoV-19/Brazil/RS-CoV-0207/2023	29721	8760	5359	5739	9424	439	0	0	0	0
hCoV-19/Brazil/RS-CoV-0211/2023	29721	8832	5408	5794	9501	186	0	0	0	0
hCoV-19/Brazil/RS-CoV-0192/2023	29721	8552	5213	5596	9222	1138	0	0	0	0
hCoV-19/Brazil/RS-CoV-0193/2023	29721	8833	5406	5793	9504	185	0	0	0	0
hCoV-19/Brazil/RS-CoV-0204/2023	29721	8836	5405	5791	9506	183	0	0	0	0
hCoV-19/Brazil/RS-CoV-0208/2023	29721	8836	5405	5790	9505	185	0	0	0	0
hCoV-19/Brazil/RS-CoV-0196/2023	29718	8889	5428	5822	9573	6	0	0	0	0
hCoV-19/Brazil/RS-CoV-0199/2023	29721	8836	5404	5791	9504	186	0	0	0	0
hCoV-19/Brazil/RS-CoV-0206/2023	29721	8832	5407	5795	9501	186	0	0	0	0
hCoV-19/Brazil/RS-CoV-0213/2023	29721	8699	5311	5695	9369	647	0	0	0	0
hCoV-19/Brazil/RS-CoV-0205/2023	29715	8885	5423	5828	9577	2	0	0	0	0
hCoV-19/Brazil/RS-CoV-0209/2023	29766	8775	5374	5757	9430	430	0	0	0	0
hCoV-19/Brazil/RS-CoV-0210/2023	29721	8836	5408	5790	9503	184	0	0	0	0
hCoV-19/Brazil/RS-CoV-0201/2023	29721	8814	5392	5776	9480	259	0	0	0	0
hCoV-19/Brazil/RS-CoV-0212/2023	29721	8833	5410	5793	9501	184	0	0	0	0
hCoV-19/Brazil/RS-CoV-0225/2023	29715	8884	5429	5826	9573	3	0	0	0	0
hCoV-19/Brazil/RS-CoV-0249/2023	29721	8123	4981	5346	8832	2439	0	0	0	0
hCoV-19/Brazil/RS-CoV-0223/2023	29721	8552	5213	5596	9222	1138	0	0	0	0
hCoV-19/Brazil/RS-CoV-0236/2023	29721	8759	5358	5738	9423	443	0	0	0	0
hCoV-19/Brazil/RS-CoV-0241/2023	29721	8118	4980	5341	8827	2455	0	0	0	0
hCoV-19/Brazil/RS-CoV-0244/2023	29721	8835	5405	5791	9505	185	0	0	0	0
hCoV-19/Brazil/RS-CoV-0247/2023	29721	8643	5266	5645	9300	867	0	0	0	0
hCoV-19/Brazil/RS-CoV-0224/2023	29721	8627	5262	5639	9283	910	0	0	0	0
hCoV-19/Brazil/RS-CoV-0235/2023	29721	8833	5406	5793	9504	185	0	0	0	0
hCoV-19/Brazil/RS-CoV-0226/2023	29721	8638	5267	5647	9299	870	0	0	0	0
hCoV-19/Brazil/RS-CoV-0228/2023	29721	8703	5317	5694	9360	647	0	0	0	0
hCoV-19/Brazil/RS-CoV-0230/2023	29721	8689	5311	5687	9343	691	0	0	0	0
hCoV-19/Brazil/RS-CoV-0250/2023	29718	8609	5259	5644	9290	916	0	0	0	0
hCoV-19/Brazil/RS-CoV-0229/2023	29721	8315	5114	5491	9088	1713	0	0	0	0
hCoV-19/Brazil/RS-CoV-0237/2023	29721	8701	5312	5696	9365	647	0	0	0	0
hCoV-19/Brazil/RS-CoV-0243/2023	29721	8499	5179	5557	9150	1336	0	0	0	0
hCoV-19/Brazil/RS-CoV-0231/2023	29712	8478	5206	5584	9197	1247	0	0	0	0
hCoV-19/Brazil/RS-CoV-0232/2023	29721	8831	5410	5796	9499	185	0	0	0	0
hCoV-19/Brazil/RS-CoV-0245/2023	29721	8835	5403	5792	9505	186	0	0	0	0
hCoV-19/Brazil/RS-CoV-0252/2023	29712	8115	4976	5339	8822	2460	0	0	0	0
hCoV-19/Brazil/RS-CoV-0238/2023	29712	8445	5176	5550	9149	1392	0	0	0	0
hCoV-19/Brazil/RS-CoV-0251/2023	29721	8834	5406	5792	9503	186	0	0	0	0
hCoV-19/Brazil/RS-CoV-0267/2023	29757	8815	5401	5790	9508	243	0	0	0	0
hCoV-19/Brazil/RS-CoV-0233/2023	29709	8719	5329	5745	9403	513	0	0	0	0
hCoV-19/Brazil/RS-CoV-0259/2023	29721	8613	5262	5636	9269	941	0	0	0	0
hCoV-19/Brazil/RS-CoV-0278/2023	29721	8325	5046	5436	8949	1965	0	0	0	0
hCoV-19/Brazil/RS-CoV-0262/2023	29721	8118	4980	5341	8825	2457	0	0	0	0
hCoV-19/Brazil/RS-CoV-0255/2023	29721	8833	5407	5794	9503	184	0	0	0	0
hCoV-19/Brazil/RS-CoV-0260/2023	29721	8549	5213	5596	9223	1140	0	0	0	0
hCoV-19/Brazil/RS-CoV-0261/2023	29721	8836	5401	5792	9506	186	0	0	0	0
hCoV-19/Brazil/RS-CoV-0257/2023	29721	8237	5052	5430	8974	2028	0	0	0	0
hCoV-19/Brazil/RS-CoV-0256/2023	29721	8761	5366	5746	9425	423	0	0	0	0
hCoV-19/Brazil/RS-CoV-0269/2023	29721	8832	5411	5795	9499	184	0	0	0	0
hCoV-19/Brazil/RS-CoV-0271/2023	29770	8893	5453	5836	9588	0	0	0	0	0
hCoV-19/Brazil/RS-CoV-0272/2023	29721	8193	5022	5390	8913	2203	0	0	0	0
hCoV-19/Brazil/RS-CoV-0276/2023	29721	8510	5221	5595	9224	1171	0	0	0	0
hCoV-19/Brazil/RS-CoV-0274/2023	29721	8605	5259	5644	9287	926	0	0	0	0
hCoV-19/Brazil/RS-CoV-0281/2023	29768	8895	5453	5835	9585	0	0	0	0	0
hCoV-19/Brazil/RS-CoV-0277/2023	29721	8383	5152	5527	9119	1540	0	0	0	0
hCoV-19/Brazil/RS-CoV-0279/2023	29721	8761	5366	5746	9424	424	0	0	0	0
hCoV-19/Brazil/RS-CoV-0275/2023	29721	8609	5259	5642	9288	923	0	0	0	0
hCoV-19/Brazil/RS-CoV-0280/2023	29721	8833	5406	5794	9500	188	0	0	0	0
hCoV-19/Brazil/RS-050-66450-423/2022	29710	8719	5331	5742	9405	513	0	0	0	0
hCoV-19/Brazil/RS-050-66457-611/2022	29719	8810	5376	5772	9501	260	0	0	0	0
hCoV-19/Brazil/RS-210-66450-118/2022	29719	8809	5386	5768	9483	273	0	0	0	0
hCoV-19/Brazil/RS-210-66457-310/2022	29710	8650	5283	5708	9296	773	0	0	0	0
hCoV-19/Brazil/RS-211-66455-871/2022	29713	8828	5383	5795	9506	201	0	0	0	0
hCoV-19/Brazil/RS-311-66466-13/2022	29717	8814	5385	5777	9498	243	0	0	0	0
hCoV-19/Brazil/RS-315-66453-398/2022	29716	8884	5429	5825	9570	8	0	0	0	0
hCoV-19/Brazil/RS-505-66464-45/2022	29717	8723	5335	5725	9419	515	0	0	0	0
hCoV-19/Brazil/RS-315-66465-778/2022	29719	8885	5430	5826	9574	4	0	0	0	0
hCoV-19/Brazil/RS-315-66466-226/2022	29713	8828	5385	5798	9505	197	0	0	0	0
hCoV-19/Brazil/RS-0014/2022	29719	8813	5387	5776	9500	243	0	0	0	0
hCoV-19/Brazil/RS-0020/2022	29720	8341	5108	5488	8971	1812	0	0	0	0
hCoV-19/Brazil/RS-0184/2023	29770	8896	5456	5834	9584	0	0	0	0	0
hCoV-19/Brazil/RS-0195/2023	29755	8892	5448	5832	9583	0	0	0	0	0
hCoV-19/Brazil/RS-0240/2023	29723	8321	5110	5498	9070	1724	0	0	0	0
hCoV-19/Brazil/RS-0239/2023	29761	8840	5422	5803	9534	162	0	0	0	0
